,Total Voltage (V),Resistor Voltage (V),LED Voltage (V),Current (mA)
0,0.03,0.0,0.03,0.0
1,0.01,0.0,0.01,0.0
2,0.04,0.01,0.03,0.05
3,0.02,0.01,0.01,0.05
4,0.02,0.01,0.01,0.05
5,0.02,0.01,0.01,0.05
6,0.02,0.01,0.01,0.05
7,0.03,0.01,0.02,0.05
8,0.04,0.02,0.02,0.09
9,0.04,0.01,0.03,0.05
10,0.05,0.0,0.05,0.0
11,0.05,0.0,0.05,0.0
12,0.06,0.01,0.05,0.05
13,0.05,0.0,0.05,0.0
14,0.05,0.02,0.03,0.09
15,0.05,0.01,0.04,0.05
16,0.05,0.0,0.05,0.0
17,0.07,0.0,0.07,0.0
18,0.04,0.0,0.04,0.0
19,0.07,0.01,0.06,0.05
20,0.07,0.01,0.06,0.05
21,0.06,0.01,0.05,0.05
22,0.07,0.01,0.06,0.05
23,0.09,0.0,0.09,0.0
24,0.09,0.01,0.08,0.05
25,0.09,0.01,0.08,0.05
26,0.09,0.0,0.09,0.0
27,0.1,0.01,0.09,0.05
28,0.1,0.01,0.09,0.05
29,0.1,0.01,0.09,0.05
30,0.11,0.0,0.11,0.0
31,0.11,0.01,0.1,0.05
32,0.11,0.01,0.1,0.05
33,0.12,0.01,0.11,0.05
34,0.11,0.0,0.11,0.0
35,0.12,0.0,0.12,0.0
36,0.12,0.01,0.11,0.05
37,0.13,0.01,0.12,0.05
38,0.13,0.01,0.12,0.05
39,0.13,0.09,0.04,0.41
40,0.14,0.01,0.13,0.05
41,0.14,0.01,0.13,0.05
42,0.15,0.01,0.14,0.05
43,0.15,0.0,0.15,0.0
44,0.15,0.0,0.15,0.0
45,0.15,0.0,0.15,0.0
46,0.15,0.01,0.14,0.05
47,0.16,0.01,0.15,0.05
48,0.16,0.01,0.15,0.05
49,0.17,0.01,0.16,0.05
50,0.17,0.01,0.16,0.05
51,0.17,0.01,0.16,0.05
52,0.16,0.01,0.15,0.05
53,0.17,0.01,0.16,0.05
54,0.18,0.01,0.17,0.05
55,0.19,0.01,0.18,0.05
56,0.19,0.0,0.19,0.0
57,0.19,0.01,0.18,0.05
58,0.19,0.0,0.19,0.0
59,0.19,0.01,0.18,0.05
60,0.21,0.0,0.21,0.0
61,0.21,0.04,0.17,0.18
62,0.21,0.01,0.2,0.05
63,0.21,0.02,0.19,0.09
64,0.22,0.01,0.21,0.05
65,0.22,0.01,0.21,0.05
66,0.22,0.02,0.2,0.09
67,0.22,0.01,0.21,0.05
68,0.23,0.02,0.21,0.09
69,0.21,0.0,0.21,0.0
70,0.24,0.01,0.23,0.05
71,0.24,0.01,0.23,0.05
72,0.24,0.01,0.23,0.05
73,0.24,0.0,0.24,0.0
74,0.25,0.01,0.24,0.05
75,0.28,0.01,0.27,0.05
76,0.26,0.01,0.25,0.05
77,0.25,0.0,0.25,0.0
78,0.26,0.01,0.25,0.05
79,0.26,0.0,0.26,0.0
80,0.27,0.02,0.25,0.09
81,0.28,0.01,0.27,0.05
82,0.27,0.01,0.26,0.05
83,0.27,0.01,0.26,0.05
84,0.26,0.01,0.25,0.05
85,0.28,0.01,0.27,0.05
86,0.29,0.0,0.29,0.0
87,0.29,0.02,0.27,0.09
88,0.29,0.01,0.28,0.05
89,0.3,0.01,0.29,0.05
90,0.3,0.02,0.28,0.09
91,0.31,0.0,0.31,0.0
92,0.31,0.01,0.3,0.05
93,0.31,0.0,0.31,0.0
94,0.31,0.0,0.31,0.0
95,0.32,0.0,0.32,0.0
96,0.34,0.01,0.33,0.05
97,0.32,0.0,0.32,0.0
98,0.36,0.01,0.35,0.05
99,0.33,0.01,0.32,0.05
100,0.33,0.0,0.33,0.0
101,0.33,0.0,0.33,0.0
102,0.34,0.01,0.33,0.05
103,0.34,0.01,0.33,0.05
104,0.35,0.0,0.35,0.0
105,0.34,0.01,0.33,0.05
106,0.35,0.01,0.34,0.05
107,0.35,0.0,0.35,0.0
108,0.36,0.0,0.36,0.0
109,0.36,0.0,0.36,0.0
110,0.36,0.0,0.36,0.0
111,0.37,0.01,0.36,0.05
112,0.36,0.03,0.33,0.14
113,0.37,0.0,0.37,0.0
114,0.38,0.01,0.37,0.05
115,0.38,0.02,0.36,0.09
116,0.38,0.01,0.37,0.05
117,0.38,0.0,0.38,0.0
118,0.39,0.0,0.39,0.0
119,0.37,0.01,0.36,0.05
120,0.39,0.0,0.39,0.0
121,0.4,0.02,0.38,0.09
122,0.4,0.02,0.38,0.09
123,0.41,0.0,0.41,0.0
124,0.4,0.01,0.39,0.05
125,0.41,0.01,0.4,0.05
126,0.42,0.01,0.41,0.05
127,0.41,0.01,0.4,0.05
128,0.42,0.01,0.41,0.05
129,0.42,0.01,0.41,0.05
130,0.43,0.01,0.42,0.05
131,0.43,0.0,0.43,0.0
132,0.44,0.01,0.43,0.05
133,0.43,0.01,0.42,0.05
134,0.44,0.0,0.44,0.0
135,0.45,0.0,0.45,0.0
136,0.45,0.0,0.45,0.0
137,0.45,0.0,0.45,0.0
138,0.44,0.0,0.44,0.0
139,0.45,0.01,0.44,0.05
140,0.46,0.01,0.45,0.05
141,0.46,0.02,0.44,0.09
142,0.46,0.01,0.45,0.05
143,0.47,0.01,0.46,0.05
144,0.47,0.01,0.46,0.05
145,0.47,0.01,0.46,0.05
146,0.48,0.03,0.45,0.14
147,0.48,0.01,0.47,0.05
148,0.49,0.08,0.41,0.36
149,0.49,0.01,0.48,0.05
150,0.49,0.01,0.48,0.05
151,0.49,0.01,0.48,0.05
152,0.5,0.01,0.49,0.05
153,0.5,0.01,0.49,0.05
154,0.5,0.0,0.5,0.0
155,0.51,0.01,0.5,0.05
156,0.51,0.01,0.5,0.05
157,0.51,0.0,0.51,0.0
158,0.52,0.01,0.51,0.05
159,0.52,0.02,0.5,0.09
160,0.53,0.0,0.53,0.0
161,0.53,0.01,0.52,0.05
162,0.53,0.01,0.52,0.05
163,0.53,0.02,0.51,0.09
164,0.54,0.01,0.53,0.05
165,0.53,0.01,0.52,0.05
166,0.53,0.01,0.52,0.05
167,0.55,0.01,0.54,0.05
168,0.55,0.01,0.54,0.05
169,0.58,0.0,0.58,0.0
170,0.55,0.0,0.55,0.0
171,0.56,0.02,0.54,0.09
172,0.56,0.0,0.56,0.0
173,0.55,0.0,0.55,0.0
174,0.57,0.0,0.57,0.0
175,0.58,0.02,0.56,0.09
176,0.57,0.01,0.56,0.05
177,0.58,0.01,0.57,0.05
178,0.59,0.0,0.59,0.0
179,0.58,0.02,0.56,0.09
180,0.59,0.0,0.59,0.0
181,0.58,0.01,0.57,0.05
182,0.6,0.01,0.59,0.05
183,0.64,0.01,0.63,0.05
184,0.59,0.01,0.58,0.05
185,0.61,0.01,0.6,0.05
186,0.61,0.0,0.61,0.0
187,0.61,0.01,0.6,0.05
188,0.59,0.0,0.59,0.0
189,0.58,0.0,0.58,0.0
190,0.63,0.01,0.62,0.05
191,0.63,0.01,0.62,0.05
192,0.63,0.01,0.62,0.05
193,0.63,0.0,0.63,0.0
194,0.64,0.0,0.64,0.0
195,0.64,0.01,0.63,0.05
196,0.65,0.01,0.64,0.05
197,0.61,0.01,0.6,0.05
198,0.65,0.01,0.64,0.05
199,0.65,0.01,0.64,0.05
200,0.66,0.01,0.65,0.05
201,0.64,0.01,0.63,0.05
202,0.66,0.01,0.65,0.05
203,0.65,0.0,0.65,0.0
204,0.67,0.01,0.66,0.05
205,0.67,0.0,0.67,0.0
206,0.7,0.01,0.69,0.05
207,0.67,0.0,0.67,0.0
208,0.68,0.01,0.67,0.05
209,0.69,0.0,0.69,0.0
210,0.68,0.01,0.67,0.05
211,0.69,0.01,0.68,0.05
212,0.65,0.0,0.65,0.0
213,0.7,0.01,0.69,0.05
214,0.75,0.0,0.75,0.0
215,0.7,0.0,0.7,0.0
216,0.68,0.0,0.68,0.0
217,0.71,0.01,0.7,0.05
218,0.71,0.01,0.7,0.05
219,0.72,0.01,0.71,0.05
220,0.72,0.01,0.71,0.05
221,0.72,0.0,0.72,0.0
222,0.73,0.01,0.72,0.05
223,0.73,0.0,0.73,0.0
224,0.74,0.0,0.74,0.0
225,0.74,0.01,0.73,0.05
226,0.74,0.01,0.73,0.05
227,0.74,0.01,0.73,0.05
228,0.74,0.01,0.73,0.05
229,0.75,0.0,0.75,0.0
230,0.75,0.0,0.75,0.0
231,0.75,0.0,0.75,0.0
232,0.75,0.0,0.75,0.0
233,0.76,0.01,0.75,0.05
234,0.76,0.0,0.76,0.0
235,0.76,0.01,0.75,0.05
236,0.77,0.02,0.75,0.09
237,0.77,0.0,0.77,0.0
238,0.77,0.01,0.76,0.05
239,0.76,0.01,0.75,0.05
240,0.83,0.02,0.81,0.09
241,0.79,0.01,0.78,0.05
242,0.79,0.0,0.79,0.0
243,0.79,0.01,0.78,0.05
244,0.79,0.0,0.79,0.0
245,0.8,0.0,0.8,0.0
246,0.8,0.01,0.79,0.05
247,0.81,0.0,0.81,0.0
248,0.81,0.01,0.8,0.05
249,0.81,0.0,0.81,0.0
250,0.81,0.01,0.8,0.05
251,0.82,0.0,0.82,0.0
252,0.82,0.01,0.81,0.05
253,0.82,0.01,0.81,0.05
254,0.83,0.01,0.82,0.05
255,0.83,0.01,0.82,0.05
256,0.83,0.0,0.83,0.0
257,0.84,0.0,0.84,0.0
258,0.84,0.0,0.84,0.0
259,0.85,0.0,0.85,0.0
260,0.83,0.0,0.83,0.0
261,0.85,0.01,0.84,0.05
262,0.85,0.01,0.84,0.05
263,0.86,0.01,0.85,0.05
264,0.85,0.02,0.83,0.09
265,0.87,0.02,0.85,0.09
266,0.86,0.01,0.85,0.05
267,0.87,0.02,0.85,0.09
268,0.87,0.01,0.86,0.05
269,0.88,0.0,0.88,0.0
270,0.85,0.0,0.85,0.0
271,0.88,0.01,0.87,0.05
272,0.88,0.01,0.87,0.05
273,0.87,0.04,0.83,0.18
274,0.89,0.01,0.88,0.05
275,0.9,0.01,0.89,0.05
276,0.9,0.0,0.9,0.0
277,0.89,0.0,0.89,0.0
278,0.91,0.0,0.91,0.0
279,0.9,0.01,0.89,0.05
280,0.91,0.0,0.91,0.0
281,0.96,0.01,0.95,0.05
282,0.92,0.0,0.92,0.0
283,0.95,0.01,0.94,0.05
284,0.92,0.02,0.9,0.09
285,0.92,0.02,0.9,0.09
286,0.93,0.0,0.93,0.0
287,0.93,0.0,0.93,0.0
288,0.95,0.01,0.94,0.05
289,0.95,0.01,0.94,0.05
290,0.94,0.0,0.94,0.0
291,0.95,0.01,0.94,0.05
292,0.95,0.01,0.94,0.05
293,0.95,0.01,0.94,0.05
294,0.96,0.0,0.96,0.0
295,0.96,0.01,0.95,0.05
296,0.96,0.0,0.96,0.0
297,0.95,0.01,0.94,0.05
298,0.97,0.0,0.97,0.0
299,0.95,0.01,0.94,0.05
300,0.99,0.01,0.98,0.05
301,0.98,0.02,0.96,0.09
302,0.98,0.01,0.97,0.05
303,0.98,0.0,0.98,0.0
304,0.99,0.04,0.95,0.18
305,0.99,0.01,0.98,0.05
306,1.02,0.01,1.01,0.05
307,0.99,0.0,0.99,0.0
308,1.0,0.01,0.99,0.05
309,1.01,0.06,0.95,0.27
310,0.96,0.01,0.95,0.05
311,1.02,0.01,1.01,0.05
312,1.01,0.01,1.0,0.05
313,1.02,0.0,1.02,0.0
314,1.0,0.01,0.99,0.05
315,1.03,0.01,1.02,0.05
316,1.03,0.0,1.03,0.0
317,1.04,0.0,1.04,0.0
318,1.09,0.01,1.08,0.05
319,1.03,0.0,1.03,0.0
320,1.04,0.01,1.03,0.05
321,1.03,0.01,1.02,0.05
322,1.05,0.0,1.05,0.0
323,1.01,0.01,1.0,0.05
324,1.05,0.01,1.04,0.05
325,1.06,0.01,1.05,0.05
326,1.06,0.01,1.05,0.05
327,1.07,0.01,1.06,0.05
328,1.09,0.07,1.02,0.32
329,1.07,0.01,1.06,0.05
330,1.07,0.02,1.05,0.09
331,1.08,0.0,1.08,0.0
332,1.08,0.01,1.07,0.05
333,1.05,0.0,1.05,0.0
334,1.08,0.0,1.08,0.0
335,1.1,0.01,1.09,0.05
336,1.09,0.01,1.08,0.05
337,1.1,0.01,1.09,0.05
338,1.1,0.01,1.09,0.05
339,1.11,0.01,1.1,0.05
340,1.11,0.0,1.11,0.0
341,1.1,0.01,1.09,0.05
342,1.1,0.0,1.1,0.0
343,1.12,0.01,1.11,0.05
344,1.12,0.01,1.11,0.05
345,1.12,0.0,1.12,0.0
346,1.12,0.02,1.1,0.09
347,1.13,0.0,1.13,0.0
348,1.13,0.02,1.11,0.09
349,1.13,0.01,1.12,0.05
350,1.14,0.01,1.13,0.05
351,1.15,0.0,1.15,0.0
352,1.15,0.02,1.13,0.09
353,1.15,0.01,1.14,0.05
354,1.15,0.01,1.14,0.05
355,1.15,0.0,1.15,0.0
356,1.16,0.01,1.15,0.05
357,1.16,0.0,1.16,0.0
358,1.16,0.01,1.15,0.05
359,1.17,0.01,1.16,0.05
360,1.16,0.01,1.15,0.05
361,1.17,0.0,1.17,0.0
362,1.17,0.0,1.17,0.0
363,1.19,0.01,1.18,0.05
364,1.2,0.01,1.19,0.05
365,1.18,0.01,1.17,0.05
366,1.19,0.0,1.19,0.0
367,1.19,0.0,1.19,0.0
368,1.2,0.01,1.19,0.05
369,1.18,0.01,1.17,0.05
370,1.2,0.0,1.2,0.0
371,1.2,0.02,1.18,0.09
372,1.21,0.0,1.21,0.0
373,1.21,0.0,1.21,0.0
374,1.21,0.02,1.19,0.09
375,1.22,0.01,1.21,0.05
376,1.23,0.0,1.23,0.0
377,1.23,0.01,1.22,0.05
378,1.23,0.0,1.23,0.0
379,1.23,0.01,1.22,0.05
380,1.23,0.01,1.22,0.05
381,1.22,0.01,1.21,0.05
382,1.24,0.0,1.24,0.0
383,1.24,0.0,1.24,0.0
384,1.24,0.01,1.23,0.05
385,1.25,0.01,1.24,0.05
386,1.25,0.01,1.24,0.05
387,1.25,0.01,1.24,0.05
388,1.29,0.01,1.28,0.05
389,1.26,0.01,1.25,0.05
390,1.26,0.01,1.25,0.05
391,1.27,0.02,1.25,0.09
392,1.27,0.01,1.26,0.05
393,1.28,0.01,1.27,0.05
394,1.28,0.0,1.28,0.0
395,1.29,0.01,1.28,0.05
396,1.29,0.03,1.26,0.14
397,1.29,0.01,1.28,0.05
398,1.3,0.01,1.29,0.05
399,1.28,0.01,1.27,0.05
400,1.35,0.01,1.34,0.05
401,1.3,0.01,1.29,0.05
402,1.3,0.01,1.29,0.05
403,1.31,0.01,1.3,0.05
404,1.31,0.01,1.3,0.05
405,1.31,0.01,1.3,0.05
406,1.32,0.01,1.31,0.05
407,1.33,0.0,1.33,0.0
408,1.33,0.01,1.32,0.05
409,1.33,0.0,1.33,0.0
410,1.33,0.01,1.32,0.05
411,1.34,0.0,1.34,0.0
412,1.34,0.0,1.34,0.0
413,1.35,0.0,1.35,0.0
414,1.34,0.01,1.33,0.05
415,1.33,0.01,1.32,0.05
416,1.35,0.0,1.35,0.0
417,1.35,0.0,1.35,0.0
418,1.35,0.0,1.35,0.0
419,1.36,0.03,1.33,0.14
420,1.36,0.01,1.35,0.05
421,1.36,0.01,1.35,0.05
422,1.37,0.01,1.36,0.05
423,1.38,0.01,1.37,0.05
424,1.37,0.02,1.35,0.09
425,1.38,0.0,1.38,0.0
426,1.38,0.02,1.36,0.09
427,1.39,0.01,1.38,0.05
428,1.4,0.01,1.39,0.05
429,1.39,0.01,1.38,0.05
430,1.39,0.01,1.38,0.05
431,1.4,0.01,1.39,0.05
432,1.4,0.01,1.39,0.05
433,1.39,0.0,1.39,0.0
434,1.41,0.0,1.41,0.0
435,1.41,0.02,1.39,0.09
436,1.42,0.01,1.41,0.05
437,1.42,0.01,1.41,0.05
438,1.41,0.0,1.41,0.0
439,1.43,0.01,1.42,0.05
440,1.43,0.02,1.41,0.09
441,1.44,0.01,1.43,0.05
442,1.44,0.01,1.43,0.05
443,1.44,0.01,1.43,0.05
444,1.44,0.01,1.43,0.05
445,1.45,0.0,1.45,0.0
446,1.45,0.01,1.44,0.05
447,1.45,0.01,1.44,0.05
448,1.43,0.01,1.42,0.05
449,1.44,0.01,1.43,0.05
450,1.46,0.0,1.46,0.0
451,1.47,0.01,1.46,0.05
452,1.47,0.02,1.45,0.09
453,1.46,0.01,1.45,0.05
454,1.47,0.02,1.45,0.09
455,1.47,0.0,1.47,0.0
456,1.48,0.0,1.48,0.0
457,1.49,0.07,1.42,0.32
458,1.48,0.0,1.48,0.0
459,1.49,0.01,1.48,0.05
460,1.5,0.0,1.5,0.0
461,1.5,0.01,1.49,0.05
462,1.51,0.01,1.5,0.05
463,1.5,0.01,1.49,0.05
464,1.47,0.01,1.46,0.05
465,1.52,0.0,1.52,0.0
466,1.51,0.02,1.49,0.09
467,1.51,0.01,1.5,0.05
468,1.52,0.01,1.51,0.05
469,1.51,0.0,1.51,0.0
470,1.53,0.0,1.53,0.0
471,1.53,0.0,1.53,0.0
472,1.53,0.0,1.53,0.0
473,1.53,0.01,1.52,0.05
474,1.55,0.01,1.54,0.05
475,1.54,0.03,1.51,0.14
476,1.55,0.0,1.55,0.0
477,1.55,0.01,1.54,0.05
478,1.55,0.0,1.55,0.0
479,1.55,0.0,1.55,0.0
480,1.56,0.02,1.54,0.09
481,1.56,0.01,1.55,0.05
482,1.57,0.02,1.55,0.09
483,1.55,0.01,1.54,0.05
484,1.57,0.01,1.56,0.05
485,1.57,0.01,1.56,0.05
486,1.58,0.01,1.57,0.05
487,1.58,0.01,1.57,0.05
488,1.58,0.01,1.57,0.05
489,1.59,0.0,1.59,0.0
490,1.59,0.0,1.59,0.0
491,1.57,0.01,1.56,0.05
492,1.6,0.01,1.59,0.05
493,1.6,0.01,1.59,0.05
494,1.61,0.01,1.6,0.05
495,1.6,0.01,1.59,0.05
496,1.61,0.07,1.54,0.32
497,1.62,0.01,1.61,0.05
498,1.62,0.01,1.61,0.05
499,1.62,0.01,1.61,0.05
500,1.63,0.0,1.63,0.0
501,1.6,0.0,1.6,0.0
502,1.63,0.0,1.63,0.0
503,1.64,0.01,1.63,0.05
504,1.64,0.0,1.64,0.0
505,1.64,0.01,1.63,0.05
506,1.65,0.01,1.64,0.05
507,1.65,0.01,1.64,0.05
508,1.65,0.0,1.65,0.0
509,1.64,0.0,1.64,0.0
510,1.65,0.02,1.63,0.09
511,1.66,0.0,1.66,0.0
512,1.66,0.0,1.66,0.0
513,1.67,0.08,1.59,0.36
514,1.67,0.0,1.67,0.0
515,1.67,0.02,1.65,0.09
516,1.67,0.0,1.67,0.0
517,1.68,0.01,1.67,0.05
518,1.71,0.01,1.7,0.05
519,1.69,0.02,1.67,0.09
520,1.69,0.0,1.69,0.0
521,1.7,0.0,1.7,0.0
522,1.69,0.01,1.68,0.05
523,1.7,0.0,1.7,0.0
524,1.7,0.0,1.7,0.0
525,1.71,0.01,1.7,0.05
526,1.71,0.0,1.71,0.0
527,1.71,0.0,1.71,0.0
528,1.71,0.01,1.7,0.05
529,1.71,0.01,1.7,0.05
530,1.72,0.0,1.72,0.0
531,1.77,0.01,1.76,0.05
532,1.73,0.02,1.71,0.09
533,1.73,0.0,1.73,0.0
534,1.72,0.01,1.71,0.05
535,1.73,0.02,1.71,0.09
536,1.74,0.0,1.74,0.0
537,1.74,0.0,1.74,0.0
538,1.75,0.0,1.75,0.0
539,1.71,0.01,1.7,0.05
540,1.75,0.02,1.73,0.09
541,1.76,0.01,1.75,0.05
542,1.76,0.01,1.75,0.05
543,1.76,0.03,1.73,0.14
544,1.76,0.0,1.76,0.0
545,1.74,0.0,1.74,0.0
546,1.77,0.0,1.77,0.0
547,1.78,0.01,1.77,0.05
548,1.78,0.01,1.77,0.05
549,1.76,0.01,1.75,0.05
550,1.78,0.03,1.75,0.14
551,1.78,0.01,1.77,0.05
552,1.78,0.01,1.77,0.05
553,1.79,0.01,1.78,0.05
554,1.8,0.01,1.79,0.05
555,1.8,0.0,1.8,0.0
556,1.8,0.01,1.79,0.05
557,1.8,0.01,1.79,0.05
558,1.81,0.01,1.8,0.05
559,1.8,0.01,1.79,0.05
560,1.82,0.0,1.82,0.0
561,1.83,0.02,1.81,0.09
562,1.78,0.0,1.78,0.0
563,1.82,0.03,1.79,0.14
564,1.82,0.01,1.81,0.05
565,1.84,0.0,1.84,0.0
566,1.84,0.01,1.83,0.05
567,1.84,0.01,1.83,0.05
568,1.84,0.0,1.84,0.0
569,1.84,0.01,1.83,0.05
570,1.85,0.01,1.84,0.05
571,1.85,0.01,1.84,0.05
572,1.83,0.01,1.82,0.05
573,1.86,0.01,1.85,0.05
574,1.86,0.01,1.85,0.05
575,1.9,0.01,1.89,0.05
576,1.87,0.01,1.86,0.05
577,1.88,0.01,1.87,0.05
578,1.87,0.01,1.86,0.05
579,1.87,0.01,1.86,0.05
580,1.88,0.0,1.88,0.0
581,1.88,0.0,1.88,0.0
582,1.89,0.01,1.88,0.05
583,1.89,0.0,1.89,0.0
584,1.89,0.0,1.89,0.0
585,1.89,0.01,1.88,0.05
586,1.95,0.01,1.94,0.05
587,1.9,0.0,1.9,0.0
588,1.91,0.02,1.89,0.09
589,1.91,0.01,1.9,0.05
590,1.91,0.01,1.9,0.05
591,1.92,0.0,1.92,0.0
592,1.95,0.05,1.9,0.23
593,1.92,0.02,1.9,0.09
594,1.94,0.01,1.93,0.05
595,1.93,0.0,1.93,0.0
596,1.92,0.01,1.91,0.05
597,1.92,0.01,1.91,0.05
598,1.95,0.01,1.94,0.05
599,1.95,0.01,1.94,0.05
600,1.95,0.0,1.95,0.0
601,1.95,0.01,1.94,0.05
602,1.95,0.0,1.95,0.0
603,1.95,0.01,1.94,0.05
604,1.96,0.01,1.95,0.05
605,2.0,0.01,1.99,0.05
606,1.96,0.05,1.91,0.23
607,1.97,0.01,1.96,0.05
608,1.97,0.0,1.97,0.0
609,1.97,0.0,1.97,0.0
610,1.98,0.0,1.98,0.0
611,1.98,0.01,1.97,0.05
612,1.97,0.04,1.93,0.18
613,1.99,0.01,1.98,0.05
614,2.0,0.01,1.99,0.05
615,1.99,0.01,1.98,0.05
616,2.0,0.01,1.99,0.05
617,2.01,0.02,1.99,0.09
618,2.0,0.01,1.99,0.05
619,2.01,0.0,2.01,0.0
620,2.01,0.0,2.01,0.0
621,2.05,0.01,2.04,0.05
622,2.01,0.07,1.94,0.32
623,2.02,0.01,2.01,0.05
624,2.03,0.01,2.02,0.05
625,2.03,0.01,2.02,0.05
626,2.03,0.0,2.03,0.0
627,2.04,0.01,2.03,0.05
628,2.04,0.01,2.03,0.05
629,2.04,0.01,2.03,0.05
630,2.02,0.01,2.01,0.05
631,2.05,0.0,2.05,0.0
632,2.04,0.01,2.03,0.05
633,2.04,0.01,2.03,0.05
634,2.06,0.01,2.05,0.05
635,2.06,0.01,2.05,0.05
636,2.06,0.0,2.06,0.0
637,2.07,0.02,2.05,0.09
638,2.05,0.0,2.05,0.0
639,2.07,0.01,2.06,0.05
640,2.07,0.01,2.06,0.05
641,2.08,0.0,2.08,0.0
642,2.06,0.01,2.05,0.05
643,2.07,0.01,2.06,0.05
644,2.09,0.01,2.08,0.05
645,2.08,0.0,2.08,0.0
646,2.08,0.01,2.07,0.05
647,2.1,0.0,2.1,0.0
648,2.09,0.0,2.09,0.0
649,2.11,0.0,2.11,0.0
650,2.11,0.0,2.11,0.0
651,2.11,0.01,2.1,0.05
652,2.11,0.0,2.11,0.0
653,2.11,0.0,2.11,0.0
654,2.12,0.0,2.12,0.0
655,2.11,0.04,2.07,0.18
656,2.14,0.01,2.13,0.05
657,2.14,0.0,2.14,0.0
658,2.13,0.01,2.12,0.05
659,2.13,0.01,2.12,0.05
660,2.14,0.01,2.13,0.05
661,2.15,0.0,2.15,0.0
662,2.15,0.01,2.14,0.05
663,2.15,0.0,2.15,0.0
664,2.15,0.02,2.13,0.09
665,2.16,0.0,2.16,0.0
666,2.16,0.0,2.16,0.0
667,2.16,0.01,2.15,0.05
668,2.16,0.01,2.15,0.05
669,2.17,0.02,2.15,0.09
670,2.17,0.01,2.16,0.05
671,2.18,0.02,2.16,0.09
672,2.18,0.01,2.17,0.05
673,2.18,0.01,2.17,0.05
674,2.16,0.01,2.15,0.05
675,2.18,0.0,2.18,0.0
676,2.17,0.0,2.17,0.0
677,2.2,0.01,2.19,0.05
678,2.19,0.0,2.19,0.0
679,2.2,0.0,2.2,0.0
680,2.22,0.0,2.22,0.0
681,2.21,0.0,2.21,0.0
682,2.19,0.01,2.18,0.05
683,2.21,0.01,2.2,0.05
684,2.22,0.01,2.21,0.05
685,2.22,0.01,2.21,0.05
686,2.2,0.01,2.19,0.05
687,2.22,0.01,2.21,0.05
688,2.23,0.01,2.22,0.05
689,2.23,0.0,2.23,0.0
690,2.24,0.02,2.22,0.09
691,2.24,0.01,2.23,0.05
692,2.24,0.02,2.22,0.09
693,2.25,0.02,2.23,0.09
694,2.25,0.01,2.24,0.05
695,2.25,0.09,2.16,0.41
696,2.25,0.0,2.25,0.0
697,2.26,0.01,2.25,0.05
698,2.26,0.0,2.26,0.0
699,2.26,0.0,2.26,0.0
700,2.27,0.0,2.27,0.0
701,2.27,0.0,2.27,0.0
702,2.27,0.01,2.26,0.05
703,2.28,0.01,2.27,0.05
704,2.29,0.01,2.28,0.05
705,2.28,0.01,2.27,0.05
706,2.29,0.0,2.29,0.0
707,2.27,0.0,2.27,0.0
708,2.3,0.01,2.29,0.05
709,2.3,0.01,2.29,0.05
710,2.3,0.01,2.29,0.05
711,2.31,0.01,2.3,0.05
712,2.31,0.01,2.3,0.05
713,2.31,0.0,2.31,0.0
714,2.31,0.01,2.3,0.05
715,2.32,0.01,2.31,0.05
716,2.32,0.01,2.31,0.05
717,2.32,0.01,2.31,0.05
718,2.33,0.01,2.32,0.05
719,2.34,0.01,2.33,0.05
720,2.34,0.01,2.33,0.05
721,2.34,0.01,2.33,0.05
722,2.34,0.01,2.33,0.05
723,2.34,0.01,2.33,0.05
724,2.35,0.01,2.34,0.05
725,2.35,0.01,2.34,0.05
726,2.37,0.01,2.36,0.05
727,2.36,0.02,2.34,0.09
728,2.36,0.01,2.35,0.05
729,2.36,0.01,2.35,0.05
730,2.36,0.0,2.36,0.0
731,2.37,0.01,2.36,0.05
732,2.38,0.02,2.36,0.09
733,2.36,0.02,2.34,0.09
734,2.38,0.0,2.38,0.0
735,2.38,0.01,2.37,0.05
736,2.39,0.02,2.37,0.09
737,2.39,0.01,2.38,0.05
738,2.39,0.0,2.39,0.0
739,2.39,0.01,2.38,0.05
740,2.4,0.02,2.38,0.09
741,2.4,0.01,2.39,0.05
742,2.41,0.01,2.4,0.05
743,2.39,0.01,2.38,0.05
744,2.41,0.01,2.4,0.05
745,2.41,0.01,2.4,0.05
746,2.42,0.02,2.4,0.09
747,2.42,0.01,2.41,0.05
748,2.43,0.02,2.41,0.09
749,2.41,0.01,2.4,0.05
750,2.43,0.02,2.41,0.09
751,2.44,0.01,2.43,0.05
752,2.44,0.01,2.43,0.05
753,2.44,0.03,2.41,0.14
754,2.45,0.02,2.43,0.09
755,2.45,0.01,2.44,0.05
756,2.45,0.0,2.45,0.0
757,2.45,0.03,2.42,0.14
758,2.46,0.02,2.44,0.09
759,2.46,0.03,2.43,0.14
760,2.44,0.06,2.38,0.27
761,2.46,0.03,2.43,0.14
762,2.47,0.04,2.43,0.18
763,2.47,0.03,2.44,0.14
764,2.48,0.03,2.45,0.14
765,2.47,0.03,2.44,0.14
766,2.48,0.03,2.45,0.14
767,2.49,0.03,2.46,0.14
768,2.49,0.03,2.46,0.14
769,2.49,0.03,2.46,0.14
770,2.5,0.02,2.48,0.09
771,2.5,0.04,2.46,0.18
772,2.5,0.04,2.46,0.18
773,2.5,0.04,2.46,0.18
774,2.49,0.05,2.44,0.23
775,2.51,0.04,2.47,0.18
776,2.51,0.05,2.46,0.23
777,2.52,0.05,2.47,0.23
778,2.51,0.05,2.46,0.23
779,2.52,0.05,2.47,0.23
780,2.52,0.05,2.47,0.23
781,2.53,0.05,2.48,0.23
782,2.54,0.06,2.48,0.27
783,2.53,0.06,2.47,0.27
784,2.54,0.06,2.48,0.27
785,2.56,0.06,2.5,0.27
786,2.54,0.07,2.47,0.32
787,2.59,0.04,2.55,0.18
788,2.56,0.06,2.5,0.27
789,2.55,0.07,2.48,0.32
790,2.56,0.06,2.5,0.27
791,2.56,0.08,2.48,0.36
792,2.56,0.07,2.49,0.32
793,2.56,0.08,2.48,0.36
794,2.57,0.08,2.49,0.36
795,2.57,0.08,2.49,0.36
796,2.58,0.08,2.5,0.36
797,2.56,0.08,2.48,0.36
798,2.58,0.09,2.49,0.41
799,2.58,0.11,2.47,0.5
800,2.59,0.08,2.51,0.36
801,2.55,0.09,2.46,0.41
802,2.59,0.09,2.5,0.41
803,2.56,0.1,2.46,0.45
804,2.6,0.1,2.5,0.45
805,2.6,0.1,2.5,0.45
806,2.61,0.11,2.5,0.5
807,2.61,0.11,2.5,0.5
808,2.57,0.11,2.46,0.5
809,2.62,0.08,2.54,0.36
810,2.62,0.12,2.5,0.55
811,2.62,0.11,2.51,0.5
812,2.63,0.12,2.51,0.55
813,2.63,0.12,2.51,0.55
814,2.64,0.13,2.51,0.59
815,2.59,0.12,2.47,0.55
816,2.64,0.14,2.5,0.64
817,2.63,0.14,2.49,0.64
818,2.65,0.13,2.52,0.59
819,2.65,0.13,2.52,0.59
820,2.65,0.14,2.51,0.64
821,2.64,0.12,2.52,0.55
822,2.66,0.13,2.53,0.59
823,2.64,0.14,2.5,0.64
824,2.66,0.14,2.52,0.64
825,2.66,0.15,2.51,0.68
826,2.68,0.15,2.53,0.68
827,2.68,0.15,2.53,0.68
828,2.67,0.15,2.52,0.68
829,2.73,0.15,2.58,0.68
830,2.65,0.16,2.49,0.73
831,2.68,0.16,2.52,0.73
832,2.69,0.16,2.53,0.73
833,2.7,0.15,2.55,0.68
834,2.7,0.17,2.53,0.77
835,2.71,0.17,2.54,0.77
836,2.7,0.17,2.53,0.77
837,2.7,0.18,2.52,0.82
838,2.7,0.18,2.52,0.82
839,2.71,0.19,2.52,0.86
840,2.67,0.18,2.49,0.82
841,2.72,0.19,2.53,0.86
842,2.73,0.19,2.54,0.86
843,2.73,0.18,2.55,0.82
844,2.73,0.19,2.54,0.86
845,2.73,0.2,2.53,0.91
846,2.74,0.2,2.54,0.91
847,2.73,0.26,2.47,1.18
848,2.74,0.21,2.53,0.95
849,2.72,0.2,2.52,0.91
850,2.74,0.21,2.53,0.95
851,2.75,0.21,2.54,0.95
852,2.76,0.21,2.55,0.95
853,2.76,0.22,2.54,1.0
854,2.75,0.22,2.53,1.0
855,2.75,0.21,2.54,0.95
856,2.77,0.18,2.59,0.82
857,2.76,0.23,2.53,1.05
858,2.78,0.23,2.55,1.05
859,2.77,0.23,2.54,1.05
860,2.79,0.23,2.56,1.05
861,2.77,0.23,2.54,1.05
862,2.78,0.24,2.54,1.09
863,2.79,0.24,2.55,1.09
864,2.79,0.25,2.54,1.14
865,2.79,0.25,2.54,1.14
866,2.8,0.25,2.55,1.14
867,2.8,0.25,2.55,1.14
868,2.81,0.26,2.55,1.18
869,2.8,0.26,2.54,1.18
870,2.8,0.26,2.54,1.18
871,2.81,0.26,2.55,1.18
872,2.81,0.26,2.55,1.18
873,2.82,0.26,2.56,1.18
874,2.82,0.27,2.55,1.23
875,2.82,0.26,2.56,1.18
876,2.83,0.28,2.55,1.27
877,2.83,0.28,2.55,1.27
878,2.83,0.28,2.55,1.27
879,2.84,0.23,2.61,1.05
880,2.83,0.28,2.55,1.27
881,2.84,0.28,2.56,1.27
882,2.85,0.29,2.56,1.32
883,2.84,0.33,2.51,1.5
884,2.89,0.25,2.64,1.14
885,2.85,0.29,2.56,1.32
886,2.86,0.3,2.56,1.36
887,2.86,0.3,2.56,1.36
888,2.85,0.31,2.54,1.41
889,2.86,0.31,2.55,1.41
890,2.87,0.32,2.55,1.45
891,2.88,0.31,2.57,1.41
892,2.88,0.32,2.56,1.45
893,2.88,0.32,2.56,1.45
894,2.88,0.32,2.56,1.45
895,2.89,0.32,2.57,1.45
896,2.89,0.33,2.56,1.5
897,2.82,0.33,2.49,1.5
898,2.89,0.3,2.59,1.36
899,2.89,0.33,2.56,1.5
900,2.9,0.34,2.56,1.55
901,2.91,0.34,2.57,1.55
902,2.91,0.34,2.57,1.55
903,2.91,0.34,2.57,1.55
904,2.91,0.35,2.56,1.59
905,2.92,0.35,2.57,1.59
906,2.92,0.4,2.52,1.82
907,2.92,0.35,2.57,1.59
908,2.93,0.36,2.57,1.64
909,2.93,0.36,2.57,1.64
910,2.93,0.29,2.64,1.32
911,2.94,0.29,2.65,1.32
912,2.93,0.37,2.56,1.68
913,2.94,0.3,2.64,1.36
914,2.95,0.34,2.61,1.55
915,2.94,0.37,2.57,1.68
916,2.95,0.37,2.58,1.68
917,2.95,0.38,2.57,1.73
918,2.95,0.38,2.57,1.73
919,2.94,0.38,2.56,1.73
920,2.97,0.39,2.58,1.77
921,2.97,0.39,2.58,1.77
922,2.97,0.39,2.58,1.77
923,2.97,0.4,2.57,1.82
924,2.97,0.4,2.57,1.82
925,2.98,0.4,2.58,1.82
926,2.98,0.41,2.57,1.86
927,2.98,0.49,2.49,2.23
928,2.98,0.41,2.57,1.86
929,2.95,0.42,2.53,1.91
930,2.99,0.41,2.58,1.86
931,3.0,0.42,2.58,1.91
932,3.0,0.43,2.57,1.95
933,3.0,0.42,2.58,1.91
934,3.01,0.43,2.58,1.95
935,3.0,0.42,2.58,1.91
936,3.01,0.43,2.58,1.95
937,3.01,0.43,2.58,1.95
938,3.02,0.44,2.58,2.0
939,3.02,0.44,2.58,2.0
940,3.03,0.5,2.53,2.27
941,2.98,0.44,2.54,2.0
942,3.03,0.45,2.58,2.05
943,3.02,0.45,2.57,2.05
944,3.03,0.45,2.58,2.05
945,3.03,0.45,2.58,2.05
946,3.04,0.45,2.59,2.05
947,3.04,0.46,2.58,2.09
948,3.05,0.46,2.59,2.09
949,3.0,0.46,2.54,2.09
950,3.04,0.47,2.57,2.14
951,3.05,0.46,2.59,2.09
952,3.02,0.44,2.58,2.0
953,3.06,0.48,2.58,2.18
954,3.07,0.45,2.62,2.05
955,3.05,0.47,2.58,2.14
956,3.07,0.47,2.6,2.14
957,3.07,0.48,2.59,2.18
958,3.08,0.49,2.59,2.23
959,3.08,0.48,2.6,2.18
960,3.08,0.49,2.59,2.23
961,3.09,0.5,2.59,2.27
962,3.09,0.49,2.6,2.23
963,3.07,0.49,2.58,2.23
964,3.09,0.49,2.6,2.23
965,3.1,0.5,2.6,2.27
966,3.1,0.49,2.61,2.23
967,3.13,0.52,2.61,2.36
968,3.11,0.51,2.6,2.32
969,3.11,0.51,2.6,2.32
970,3.17,0.52,2.65,2.36
971,3.12,0.52,2.6,2.36
972,3.11,0.51,2.6,2.32
973,3.12,0.53,2.59,2.41
974,3.13,0.51,2.62,2.32
975,3.12,0.53,2.59,2.41
976,3.11,0.52,2.59,2.36
977,3.13,0.53,2.6,2.41
978,3.12,0.53,2.59,2.41
979,3.13,0.53,2.6,2.41
980,3.12,0.62,2.5,2.82
981,3.13,0.54,2.59,2.45
982,3.13,0.53,2.6,2.41
983,3.12,0.55,2.57,2.5
984,3.2,0.53,2.67,2.41
985,3.13,0.53,2.6,2.41
986,3.12,0.53,2.59,2.41
987,3.12,0.53,2.59,2.41
988,3.12,0.53,2.59,2.41
989,3.12,0.53,2.59,2.41
990,3.12,0.53,2.59,2.41
991,3.12,0.53,2.59,2.41
992,3.12,0.53,2.59,2.41
993,3.12,0.63,2.49,2.86
994,3.13,0.53,2.6,2.41
995,3.12,0.53,2.59,2.41
996,3.13,0.53,2.6,2.41
997,3.12,0.53,2.59,2.41
998,3.12,0.54,2.58,2.45
999,3.14,0.53,2.61,2.41
1000,3.12,0.53,2.59,2.41
1001,3.13,0.53,2.6,2.41
1002,3.12,0.53,2.59,2.41
1003,3.12,0.53,2.59,2.41
1004,3.13,0.52,2.61,2.36
1005,3.12,0.53,2.59,2.41
1006,3.11,0.53,2.58,2.41
1007,3.12,0.53,2.59,2.41
1008,3.12,0.52,2.6,2.36
1009,3.12,0.53,2.59,2.41
1010,3.13,0.52,2.61,2.36
1011,3.12,0.54,2.58,2.45
1012,3.12,0.53,2.59,2.41
1013,3.13,0.53,2.6,2.41
1014,3.13,0.53,2.6,2.41
1015,3.13,0.53,2.6,2.41
1016,3.12,0.53,2.59,2.41
1017,3.13,0.53,2.6,2.41
1018,3.12,0.62,2.5,2.82
1019,3.12,0.53,2.59,2.41
1020,3.13,0.53,2.6,2.41
1021,3.12,0.53,2.59,2.41
1022,3.13,0.53,2.6,2.41
1023,3.12,0.52,2.6,2.36
